flight_id,flight_no,departure_airport,dep_longitude,dep_latitude,arrival_airport,airport_name,actual_departure,actual_arrival,duration,city,arrival_longitude,arrival_latitude,timezone,model,range,ticket_price,seats_occupied,seats_total
136119,PG0252,AAQ,37.347301483154,45.002101898193,SVO,Sheremetyevo International Airport,2017-01-03T10:08:00Z,2017-01-03T11:49:00Z,0 years 0 mons 0 days 1 hours 41 mins 0.00 secs,Moscow,37.4146,55.972599,Europe/Moscow,Boeing 737-300,4200,1653000.00,113,130
136120,PG0252,AAQ,37.347301483154,45.002101898193,SVO,Sheremetyevo International Airport,2017-02-24T10:07:00Z,2017-02-24T11:46:00Z,0 years 0 mons 0 days 1 hours 39 mins 0.00 secs,Moscow,37.4146,55.972599,Europe/Moscow,Boeing 737-300,4200,1605400.00,109,130
136122,PG0252,AAQ,37.347301483154,45.002101898193,SVO,Sheremetyevo International Airport,2017-01-08T10:08:00Z,2017-01-08T11:48:00Z,0 years 0 mons 0 days 1 hours 40 mins 0.00 secs,Moscow,37.4146,55.972599,Europe/Moscow,Boeing 737-300,4200,1431000.00,97,130
136130,PG0252,AAQ,37.347301483154,45.002101898193,SVO,Sheremetyevo International Airport,2017-02-13T10:07:00Z,2017-02-13T11:46:00Z,0 years 0 mons 0 days 1 hours 39 mins 0.00 secs,Moscow,37.4146,55.972599,Europe/Moscow,Boeing 737-300,4200,1556600.00,107,130
136131,PG0252,AAQ,37.347301483154,45.002101898193,SVO,Sheremetyevo International Airport,2017-01-28T10:07:00Z,2017-01-28T11:46:00Z,0 years 0 mons 0 days 1 hours 39 mins 0.00 secs,Moscow,37.4146,55.972599,Europe/Moscow,Boeing 737-300,4200,1812800.00,124,130
136132,PG0252,AAQ,37.347301483154,45.002101898193,SVO,Sheremetyevo International Airport,2017-02-15T10:09:00Z,2017-02-15T11:48:00Z,0 years 0 mons 0 days 1 hours 39 mins 0.00 secs,Moscow,37.4146,55.972599,Europe/Moscow,Boeing 737-300,4200,1714000.00,116,130
136135,PG0252,AAQ,37.347301483154,45.002101898193,SVO,Sheremetyevo International Airport,2017-02-01T10:08:00Z,2017-02-01T11:48:00Z,0 years 0 mons 0 days 1 hours 40 mins 0.00 secs,Moscow,37.4146,55.972599,Europe/Moscow,Boeing 737-300,4200,1678600.00,115,130
136141,PG0252,AAQ,37.347301483154,45.002101898193,SVO,Sheremetyevo International Airport,2016-12-12T10:08:00Z,2016-12-12T11:50:00Z,0 years 0 mons 0 days 1 hours 42 mins 0.00 secs,Moscow,37.4146,55.972599,Europe/Moscow,Boeing 737-300,4200,1603000.00,109,130
136143,PG0252,AAQ,37.347301483154,45.002101898193,SVO,Sheremetyevo International Airport,2016-12-14T10:06:00Z,2016-12-14T11:46:00Z,0 years 0 mons 0 days 1 hours 40 mins 0.00 secs,Moscow,37.4146,55.972599,Europe/Moscow,Boeing 737-300,4200,1554200.00,105,130
136146,PG0252,AAQ,37.347301483154,45.002101898193,SVO,Sheremetyevo International Airport,2017-02-09T10:08:00Z,2017-02-09T11:48:00Z,0 years 0 mons 0 days 1 hours 40 mins 0.00 secs,Moscow,37.4146,55.972599,Europe/Moscow,Boeing 737-300,4200,1604200.00,109,130
136159,PG0252,AAQ,37.347301483154,45.002101898193,SVO,Sheremetyevo International Airport,2017-01-04T10:07:00Z,2017-01-04T11:45:00Z,0 years 0 mons 0 days 1 hours 38 mins 0.00 secs,Moscow,37.4146,55.972599,Europe/Moscow,Boeing 737-300,4200,1700600.00,115,130
136164,PG0252,AAQ,37.347301483154,45.002101898193,SVO,Sheremetyevo International Airport,2017-01-07T10:07:00Z,2017-01-07T11:46:00Z,0 years 0 mons 0 days 1 hours 39 mins 0.00 secs,Moscow,37.4146,55.972599,Europe/Moscow,Boeing 737-300,4200,1738400.00,120,130
136165,PG0252,AAQ,37.347301483154,45.002101898193,SVO,Sheremetyevo International Airport,2017-02-22T10:11:00Z,2017-02-22T11:52:00Z,0 years 0 mons 0 days 1 hours 41 mins 0.00 secs,Moscow,37.4146,55.972599,Europe/Moscow,Boeing 737-300,4200,1567600.00,110,130
136172,PG0252,AAQ,37.347301483154,45.002101898193,SVO,Sheremetyevo International Airport,2017-01-15T10:05:00Z,2017-01-15T11:44:00Z,0 years 0 mons 0 days 1 hours 39 mins 0.00 secs,Moscow,37.4146,55.972599,Europe/Moscow,Boeing 737-300,4200,1617600.00,110,130
136178,PG0252,AAQ,37.347301483154,45.002101898193,SVO,Sheremetyevo International Airport,2017-01-29T10:10:00Z,2017-01-29T11:49:00Z,0 years 0 mons 0 days 1 hours 39 mins 0.00 secs,Moscow,37.4146,55.972599,Europe/Moscow,Boeing 737-300,4200,1434600.00,99,130
136181,PG0252,AAQ,37.347301483154,45.002101898193,SVO,Sheremetyevo International Airport,2017-01-31T10:05:00Z,2017-01-31T11:44:00Z,0 years 0 mons 0 days 1 hours 39 mins 0.00 secs,Moscow,37.4146,55.972599,Europe/Moscow,Boeing 737-300,4200,1689600.00,118,130
136185,PG0252,AAQ,37.347301483154,45.002101898193,SVO,Sheremetyevo International Airport,2017-01-14T10:06:00Z,2017-01-14T11:49:00Z,0 years 0 mons 0 days 1 hours 43 mins 0.00 secs,Moscow,37.4146,55.972599,Europe/Moscow,Boeing 737-300,4200,1520000.00,104,130
136187,PG0252,AAQ,37.347301483154,45.002101898193,SVO,Sheremetyevo International Airport,2016-12-01T10:09:00Z,2016-12-01T11:49:00Z,0 years 0 mons 0 days 1 hours 40 mins 0.00 secs,Moscow,37.4146,55.972599,Europe/Moscow,Boeing 737-300,4200,1873800.00,129,130
136202,PG0252,AAQ,37.347301483154,45.002101898193,SVO,Sheremetyevo International Airport,2017-01-05T10:07:00Z,2017-01-05T11:49:00Z,0 years 0 mons 0 days 1 hours 42 mins 0.00 secs,Moscow,37.4146,55.972599,Europe/Moscow,Boeing 737-300,4200,1495600.00,100,130
136204,PG0252,AAQ,37.347301483154,45.002101898193,SVO,Sheremetyevo International Airport,2017-02-23T10:06:00Z,2017-02-23T11:46:00Z,0 years 0 mons 0 days 1 hours 40 mins 0.00 secs,Moscow,37.4146,55.972599,Europe/Moscow,Boeing 737-300,4200,1457800.00,107,130
136207,PG0252,AAQ,37.347301483154,45.002101898193,SVO,Sheremetyevo International Airport,2016-12-27T10:07:00Z,2016-12-27T11:48:00Z,0 years 0 mons 0 days 1 hours 41 mins 0.00 secs,Moscow,37.4146,55.972599,Europe/Moscow,Boeing 737-300,4200,1567600.00,110,130
136209,PG0252,AAQ,37.347301483154,45.002101898193,SVO,Sheremetyevo International Airport,2017-01-06T10:09:00Z,2017-01-06T11:49:00Z,0 years 0 mons 0 days 1 hours 40 mins 0.00 secs,Moscow,37.4146,55.972599,Europe/Moscow,Boeing 737-300,4200,1615200.00,112,130
136210,PG0252,AAQ,37.347301483154,45.002101898193,SVO,Sheremetyevo International Airport,2016-12-21T10:08:00Z,2016-12-21T11:48:00Z,0 years 0 mons 0 days 1 hours 40 mins 0.00 secs,Moscow,37.4146,55.972599,Europe/Moscow,Boeing 737-300,4200,1711600.00,118,130
136215,PG0252,AAQ,37.347301483154,45.002101898193,SVO,Sheremetyevo International Airport,2017-02-28T10:09:00Z,2017-02-28T11:49:00Z,0 years 0 mons 0 days 1 hours 40 mins 0.00 secs,Moscow,37.4146,55.972599,Europe/Moscow,Boeing 737-300,4200,1664000.00,114,130
136223,PG0252,AAQ,37.347301483154,45.002101898193,SVO,Sheremetyevo International Airport,2016-12-13T10:06:00Z,2016-12-13T11:47:00Z,0 years 0 mons 0 days 1 hours 41 mins 0.00 secs,Moscow,37.4146,55.972599,Europe/Moscow,Boeing 737-300,4200,1751800.00,121,130
136226,PG0252,AAQ,37.347301483154,45.002101898193,SVO,Sheremetyevo International Airport,2017-01-30T10:08:00Z,2017-01-30T11:48:00Z,0 years 0 mons 0 days 1 hours 40 mins 0.00 secs,Moscow,37.4146,55.972599,Europe/Moscow,Boeing 737-300,4200,1886000.00,130,130
136244,PG0252,AAQ,37.347301483154,45.002101898193,SVO,Sheremetyevo International Airport,2016-12-22T10:08:00Z,2016-12-22T11:47:00Z,0 years 0 mons 0 days 1 hours 39 mins 0.00 secs,Moscow,37.4146,55.972599,Europe/Moscow,Boeing 737-300,4200,1703000.00,117,130
136249,PG0252,AAQ,37.347301483154,45.002101898193,SVO,Sheremetyevo International Airport,2017-02-14T10:08:00Z,2017-02-14T11:46:00Z,0 years 0 mons 0 days 1 hours 38 mins 0.00 secs,Moscow,37.4146,55.972599,Europe/Moscow,Boeing 737-300,4200,1800600.00,123,130
136250,PG0252,AAQ,37.347301483154,45.002101898193,SVO,Sheremetyevo International Airport,2017-02-08T10:06:00Z,2017-02-08T11:47:00Z,0 years 0 mons 0 days 1 hours 41 mins 0.00 secs,Moscow,37.4146,55.972599,Europe/Moscow,Boeing 737-300,4200,1407800.00,99,130
136252,PG0252,AAQ,37.347301483154,45.002101898193,SVO,Sheremetyevo International Airport,2016-12-20T10:05:00Z,2016-12-20T11:46:00Z,0 years 0 mons 0 days 1 hours 41 mins 0.00 secs,Moscow,37.4146,55.972599,Europe/Moscow,Boeing 737-300,4200,1517600.00,102,130
136253,PG0252,AAQ,37.347301483154,45.002101898193,SVO,Sheremetyevo International Airport,2016-12-24T10:08:00Z,2016-12-24T11:46:00Z,0 years 0 mons 0 days 1 hours 38 mins 0.00 secs,Moscow,37.4146,55.972599,Europe/Moscow,Boeing 737-300,4200,1407800.00,93,130
136257,PG0252,AAQ,37.347301483154,45.002101898193,SVO,Sheremetyevo International Airport,2016-12-18T10:09:00Z,2016-12-18T11:49:00Z,0 years 0 mons 0 days 1 hours 40 mins 0.00 secs,Moscow,37.4146,55.972599,Europe/Moscow,Boeing 737-300,4200,1628600.00,111,130
136262,PG0252,AAQ,37.347301483154,45.002101898193,SVO,Sheremetyevo International Airport,2016-12-28T10:10:00Z,2016-12-28T11:49:00Z,0 years 0 mons 0 days 1 hours 39 mins 0.00 secs,Moscow,37.4146,55.972599,Europe/Moscow,Boeing 737-300,4200,1861600.00,128,130
136264,PG0252,AAQ,37.347301483154,45.002101898193,SVO,Sheremetyevo International Airport,2017-02-18T10:07:00Z,2017-02-18T11:47:00Z,0 years 0 mons 0 days 1 hours 40 mins 0.00 secs,Moscow,37.4146,55.972599,Europe/Moscow,Boeing 737-300,4200,1690800.00,116,130
136266,PG0252,AAQ,37.347301483154,45.002101898193,SVO,Sheremetyevo International Airport,2017-02-27T10:08:00Z,2017-02-27T11:48:00Z,0 years 0 mons 0 days 1 hours 40 mins 0.00 secs,Moscow,37.4146,55.972599,Europe/Moscow,Boeing 737-300,4200,1566400.00,108,130
136268,PG0252,AAQ,37.347301483154,45.002101898193,SVO,Sheremetyevo International Airport,2017-02-16T10:08:00Z,2017-02-16T11:49:00Z,0 years 0 mons 0 days 1 hours 41 mins 0.00 secs,Moscow,37.4146,55.972599,Europe/Moscow,Boeing 737-300,4200,1676200.00,115,130
136269,PG0252,AAQ,37.347301483154,45.002101898193,SVO,Sheremetyevo International Airport,2017-02-11T10:13:00Z,2017-02-11T11:53:00Z,0 years 0 mons 0 days 1 hours 40 mins 0.00 secs,Moscow,37.4146,55.972599,Europe/Moscow,Boeing 737-300,4200,1605400.00,109,130
136270,PG0252,AAQ,37.347301483154,45.002101898193,SVO,Sheremetyevo International Airport,2017-02-12T10:12:00Z,2017-02-12T11:51:00Z,0 years 0 mons 0 days 1 hours 39 mins 0.00 secs,Moscow,37.4146,55.972599,Europe/Moscow,Boeing 737-300,4200,1628600.00,111,130
136273,PG0252,AAQ,37.347301483154,45.002101898193,SVO,Sheremetyevo International Airport,2016-12-09T10:06:00Z,2016-12-09T11:45:00Z,0 years 0 mons 0 days 1 hours 39 mins 0.00 secs,Moscow,37.4146,55.972599,Europe/Moscow,Boeing 737-300,4200,1873800.00,129,130
136275,PG0252,AAQ,37.347301483154,45.002101898193,SVO,Sheremetyevo International Airport,2017-01-13T10:08:00Z,2017-01-13T11:46:00Z,0 years 0 mons 0 days 1 hours 38 mins 0.00 secs,Moscow,37.4146,55.972599,Europe/Moscow,Boeing 737-300,4200,1825000.00,125,130
136282,PG0252,AAQ,37.347301483154,45.002101898193,SVO,Sheremetyevo International Airport,2017-01-16T10:07:00Z,2017-01-16T11:48:00Z,0 years 0 mons 0 days 1 hours 41 mins 0.00 secs,Moscow,37.4146,55.972599,Europe/Moscow,Boeing 737-300,4200,1518800.00,106,130
136284,PG0252,AAQ,37.347301483154,45.002101898193,SVO,Sheremetyevo International Airport,2017-02-07T10:07:00Z,2017-02-07T11:48:00Z,0 years 0 mons 0 days 1 hours 41 mins 0.00 secs,Moscow,37.4146,55.972599,Europe/Moscow,Boeing 737-300,4200,1677400.00,117,130
136293,PG0252,AAQ,37.347301483154,45.002101898193,SVO,Sheremetyevo International Airport,2017-01-23T10:09:00Z,2017-01-23T11:48:00Z,0 years 0 mons 0 days 1 hours 39 mins 0.00 secs,Moscow,37.4146,55.972599,Europe/Moscow,Boeing 737-300,4200,1689600.00,114,130
136296,PG0252,AAQ,37.347301483154,45.002101898193,SVO,Sheremetyevo International Airport,2016-12-29T10:07:00Z,2016-12-29T11:46:00Z,0 years 0 mons 0 days 1 hours 39 mins 0.00 secs,Moscow,37.4146,55.972599,Europe/Moscow,Boeing 737-300,4200,1678600.00,117,130
136306,PG0252,AAQ,37.347301483154,45.002101898193,SVO,Sheremetyevo International Airport,2016-12-04T10:10:00Z,2016-12-04T11:50:00Z,0 years 0 mons 0 days 1 hours 40 mins 0.00 secs,Moscow,37.4146,55.972599,Europe/Moscow,Boeing 737-300,4200,1443200.00,102,130
136310,PG0252,AAQ,37.347301483154,45.002101898193,SVO,Sheremetyevo International Airport,2017-01-22T10:07:00Z,2017-01-22T11:47:00Z,0 years 0 mons 0 days 1 hours 40 mins 0.00 secs,Moscow,37.4146,55.972599,Europe/Moscow,Boeing 737-300,4200,1654200.00,117,130
136316,PG0252,AAQ,37.347301483154,45.002101898193,SVO,Sheremetyevo International Airport,2017-01-12T10:07:00Z,2017-01-12T11:47:00Z,0 years 0 mons 0 days 1 hours 40 mins 0.00 secs,Moscow,37.4146,55.972599,Europe/Moscow,Boeing 737-300,4200,1886000.00,130,130
136318,PG0252,AAQ,37.347301483154,45.002101898193,SVO,Sheremetyevo International Airport,2016-12-17T10:07:00Z,2016-12-17T11:49:00Z,0 years 0 mons 0 days 1 hours 42 mins 0.00 secs,Moscow,37.4146,55.972599,Europe/Moscow,Boeing 737-300,4200,1544400.00,104,130
136320,PG0252,AAQ,37.347301483154,45.002101898193,SVO,Sheremetyevo International Airport,2017-02-19T10:05:00Z,2017-02-19T11:45:00Z,0 years 0 mons 0 days 1 hours 40 mins 0.00 secs,Moscow,37.4146,55.972599,Europe/Moscow,Boeing 737-300,4200,1544400.00,106,130
136322,PG0252,AAQ,37.347301483154,45.002101898193,SVO,Sheremetyevo International Airport,2017-02-06T10:11:00Z,2017-02-06T11:52:00Z,0 years 0 mons 0 days 1 hours 41 mins 0.00 secs,Moscow,37.4146,55.972599,Europe/Moscow,Boeing 737-300,4200,1567600.00,108,130
136324,PG0252,AAQ,37.347301483154,45.002101898193,SVO,Sheremetyevo International Airport,2016-12-05T10:09:00Z,2016-12-05T11:50:00Z,0 years 0 mons 0 days 1 hours 41 mins 0.00 secs,Moscow,37.4146,55.972599,Europe/Moscow,Boeing 737-300,4200,1666400.00,118,130
136327,PG0252,AAQ,37.347301483154,45.002101898193,SVO,Sheremetyevo International Airport,2016-12-30T10:12:00Z,2016-12-30T11:52:00Z,0 years 0 mons 0 days 1 hours 40 mins 0.00 secs,Moscow,37.4146,55.972599,Europe/Moscow,Boeing 737-300,4200,1543200.00,108,130
136338,PG0252,AAQ,37.347301483154,45.002101898193,SVO,Sheremetyevo International Airport,2016-12-19T10:06:00Z,2016-12-19T11:46:00Z,0 years 0 mons 0 days 1 hours 40 mins 0.00 secs,Moscow,37.4146,55.972599,Europe/Moscow,Boeing 737-300,4200,1861600.00,128,130
136345,PG0252,AAQ,37.347301483154,45.002101898193,SVO,Sheremetyevo International Airport,2017-01-24T13:32:00Z,2017-01-24T15:12:00Z,0 years 0 mons 0 days 1 hours 40 mins 0.00 secs,Moscow,37.4146,55.972599,Europe/Moscow,Boeing 737-300,4200,1517600.00,108,130
136348,PG0252,AAQ,37.347301483154,45.002101898193,SVO,Sheremetyevo International Airport,2017-02-10T10:05:00Z,2017-02-10T11:45:00Z,0 years 0 mons 0 days 1 hours 40 mins 0.00 secs,Moscow,37.4146,55.972599,Europe/Moscow,Boeing 737-300,4200,1762800.00,120,130
136351,PG0252,AAQ,37.347301483154,45.002101898193,SVO,Sheremetyevo International Airport,2017-02-26T10:13:00Z,2017-02-26T11:53:00Z,0 years 0 mons 0 days 1 hours 40 mins 0.00 secs,Moscow,37.4146,55.972599,Europe/Moscow,Boeing 737-300,4200,1555400.00,105,130
136352,PG0252,AAQ,37.347301483154,45.002101898193,SVO,Sheremetyevo International Airport,2016-12-10T10:10:00Z,2016-12-10T11:50:00Z,0 years 0 mons 0 days 1 hours 40 mins 0.00 secs,Moscow,37.4146,55.972599,Europe/Moscow,Boeing 737-300,4200,1372400.00,92,130
136360,PG0252,AAQ,37.347301483154,45.002101898193,SVO,Sheremetyevo International Airport,2017-02-05T10:08:00Z,2017-02-05T11:48:00Z,0 years 0 mons 0 days 1 hours 40 mins 0.00 secs,Moscow,37.4146,55.972599,Europe/Moscow,Boeing 737-300,4200,1455400.00,97,130
136366,PG0252,AAQ,37.347301483154,45.002101898193,SVO,Sheremetyevo International Airport,2017-01-11T10:08:00Z,2017-01-11T11:47:00Z,0 years 0 mons 0 days 1 hours 39 mins 0.00 secs,Moscow,37.4146,55.972599,Europe/Moscow,Boeing 737-300,4200,1527400.00,103,130
136368,PG0252,AAQ,37.347301483154,45.002101898193,SVO,Sheremetyevo International Airport,2016-12-31T10:07:00Z,2016-12-31T11:47:00Z,0 years 0 mons 0 days 1 hours 40 mins 0.00 secs,Moscow,37.4146,55.972599,Europe/Moscow,Boeing 737-300,4200,1886000.00,130,130
136383,PG0252,AAQ,37.347301483154,45.002101898193,SVO,Sheremetyevo International Airport,2017-01-25T10:09:00Z,2017-01-25T11:51:00Z,0 years 0 mons 0 days 1 hours 42 mins 0.00 secs,Moscow,37.4146,55.972599,Europe/Moscow,Boeing 737-300,4200,1493200.00,106,130
136385,PG0252,AAQ,37.347301483154,45.002101898193,SVO,Sheremetyevo International Airport,2016-12-16T10:10:00Z,2016-12-16T11:50:00Z,0 years 0 mons 0 days 1 hours 40 mins 0.00 secs,Moscow,37.4146,55.972599,Europe/Moscow,Boeing 737-300,4200,1861600.00,128,130
136387,PG0252,AAQ,37.347301483154,45.002101898193,SVO,Sheremetyevo International Airport,2017-01-19T10:08:00Z,2017-01-19T11:47:00Z,0 years 0 mons 0 days 1 hours 39 mins 0.00 secs,Moscow,37.4146,55.972599,Europe/Moscow,Boeing 737-300,4200,1775000.00,121,130
136389,PG0252,AAQ,37.347301483154,45.002101898193,SVO,Sheremetyevo International Airport,2017-01-18T10:10:00Z,2017-01-18T11:50:00Z,0 years 0 mons 0 days 1 hours 40 mins 0.00 secs,Moscow,37.4146,55.972599,Europe/Moscow,Boeing 737-300,4200,1873800.00,129,130
136390,PG0252,AAQ,37.347301483154,45.002101898193,SVO,Sheremetyevo International Airport,2016-12-26T10:06:00Z,2016-12-26T11:47:00Z,0 years 0 mons 0 days 1 hours 41 mins 0.00 secs,Moscow,37.4146,55.972599,Europe/Moscow,Boeing 737-300,4200,1823800.00,125,130
136391,PG0252,AAQ,37.347301483154,45.002101898193,SVO,Sheremetyevo International Airport,2016-12-03T10:08:00Z,2016-12-03T11:48:00Z,0 years 0 mons 0 days 1 hours 40 mins 0.00 secs,Moscow,37.4146,55.972599,Europe/Moscow,Boeing 737-300,4200,1556600.00,107,130
136397,PG0252,AAQ,37.347301483154,45.002101898193,SVO,Sheremetyevo International Airport,2016-12-25T10:06:00Z,2016-12-25T11:47:00Z,0 years 0 mons 0 days 1 hours 41 mins 0.00 secs,Moscow,37.4146,55.972599,Europe/Moscow,Boeing 737-300,4200,1444400.00,104,130
136403,PG0252,AAQ,37.347301483154,45.002101898193,SVO,Sheremetyevo International Airport,2017-02-20T10:06:00Z,2017-02-20T11:46:00Z,0 years 0 mons 0 days 1 hours 40 mins 0.00 secs,Moscow,37.4146,55.972599,Europe/Moscow,Boeing 737-300,4200,1873800.00,129,130
136411,PG0252,AAQ,37.347301483154,45.002101898193,SVO,Sheremetyevo International Airport,2017-02-04T10:06:00Z,2017-02-04T11:46:00Z,0 years 0 mons 0 days 1 hours 40 mins 0.00 secs,Moscow,37.4146,55.972599,Europe/Moscow,Boeing 737-300,4200,1590800.00,110,130
136418,PG0252,AAQ,37.347301483154,45.002101898193,SVO,Sheremetyevo International Airport,2016-12-07T10:07:00Z,2016-12-07T11:47:00Z,0 years 0 mons 0 days 1 hours 40 mins 0.00 secs,Moscow,37.4146,55.972599,Europe/Moscow,Boeing 737-300,4200,1407800.00,97,130
136420,PG0252,AAQ,37.347301483154,45.002101898193,SVO,Sheremetyevo International Airport,2017-01-01T10:09:00Z,2017-01-01T11:47:00Z,0 years 0 mons 0 days 1 hours 38 mins 0.00 secs,Moscow,37.4146,55.972599,Europe/Moscow,Boeing 737-300,4200,1542000.00,104,130
136423,PG0252,AAQ,37.347301483154,45.002101898193,SVO,Sheremetyevo International Airport,2017-01-10T10:12:00Z,2017-01-10T11:52:00Z,0 years 0 mons 0 days 1 hours 40 mins 0.00 secs,Moscow,37.4146,55.972599,Europe/Moscow,Boeing 737-300,4200,1849400.00,129,130
136428,PG0252,AAQ,37.347301483154,45.002101898193,SVO,Sheremetyevo International Airport,2017-01-21T10:08:00Z,2017-01-21T11:47:00Z,0 years 0 mons 0 days 1 hours 39 mins 0.00 secs,Moscow,37.4146,55.972599,Europe/Moscow,Boeing 737-300,4200,1678600.00,115,130
136436,PG0252,AAQ,37.347301483154,45.002101898193,SVO,Sheremetyevo International Airport,2017-01-26T10:08:00Z,2017-01-26T11:47:00Z,0 years 0 mons 0 days 1 hours 39 mins 0.00 secs,Moscow,37.4146,55.972599,Europe/Moscow,Boeing 737-300,4200,1811600.00,124,130
136439,PG0252,AAQ,37.347301483154,45.002101898193,SVO,Sheremetyevo International Airport,2017-02-25T10:08:00Z,2017-02-25T11:48:00Z,0 years 0 mons 0 days 1 hours 40 mins 0.00 secs,Moscow,37.4146,55.972599,Europe/Moscow,Boeing 737-300,4200,1701800.00,117,130
136441,PG0252,AAQ,37.347301483154,45.002101898193,SVO,Sheremetyevo International Airport,2017-02-03T10:07:00Z,2017-02-03T11:47:00Z,0 years 0 mons 0 days 1 hours 40 mins 0.00 secs,Moscow,37.4146,55.972599,Europe/Moscow,Boeing 737-300,4200,1837200.00,128,130
136447,PG0252,AAQ,37.347301483154,45.002101898193,SVO,Sheremetyevo International Airport,2016-12-11T10:07:00Z,2016-12-11T11:47:00Z,0 years 0 mons 0 days 1 hours 40 mins 0.00 secs,Moscow,37.4146,55.972599,Europe/Moscow,Boeing 737-300,4200,1642000.00,116,130
136450,PG0252,AAQ,37.347301483154,45.002101898193,SVO,Sheremetyevo International Airport,2016-12-06T10:06:00Z,2016-12-06T11:48:00Z,0 years 0 mons 0 days 1 hours 42 mins 0.00 secs,Moscow,37.4146,55.972599,Europe/Moscow,Boeing 737-300,4200,1554200.00,107,130
136452,PG0252,AAQ,37.347301483154,45.002101898193,SVO,Sheremetyevo International Airport,2017-02-17T10:08:00Z,2017-02-17T11:48:00Z,0 years 0 mons 0 days 1 hours 40 mins 0.00 secs,Moscow,37.4146,55.972599,Europe/Moscow,Boeing 737-300,4200,1603000.00,109,130
136458,PG0252,AAQ,37.347301483154,45.002101898193,SVO,Sheremetyevo International Airport,2017-01-02T10:07:00Z,2017-01-02T11:46:00Z,0 years 0 mons 0 days 1 hours 39 mins 0.00 secs,Moscow,37.4146,55.972599,Europe/Moscow,Boeing 737-300,4200,1568800.00,110,130
136463,PG0252,AAQ,37.347301483154,45.002101898193,SVO,Sheremetyevo International Airport,2017-01-20T10:06:00Z,2017-01-20T11:45:00Z,0 years 0 mons 0 days 1 hours 39 mins 0.00 secs,Moscow,37.4146,55.972599,Europe/Moscow,Boeing 737-300,4200,1788400.00,122,130
136464,PG0252,AAQ,37.347301483154,45.002101898193,SVO,Sheremetyevo International Airport,2017-01-09T10:07:00Z,2017-01-09T11:47:00Z,0 years 0 mons 0 days 1 hours 40 mins 0.00 secs,Moscow,37.4146,55.972599,Europe/Moscow,Boeing 737-300,4200,1398000.00,100,130
136465,PG0252,AAQ,37.347301483154,45.002101898193,SVO,Sheremetyevo International Airport,2016-12-15T10:05:00Z,2016-12-15T11:47:00Z,0 years 0 mons 0 days 1 hours 42 mins 0.00 secs,Moscow,37.4146,55.972599,Europe/Moscow,Boeing 737-300,4200,1886000.00,130,130
136471,PG0252,AAQ,37.347301483154,45.002101898193,SVO,Sheremetyevo International Airport,2017-01-17T10:11:00Z,2017-01-17T11:51:00Z,0 years 0 mons 0 days 1 hours 40 mins 0.00 secs,Moscow,37.4146,55.972599,Europe/Moscow,Boeing 737-300,4200,1762800.00,120,130
136474,PG0252,AAQ,37.347301483154,45.002101898193,SVO,Sheremetyevo International Airport,2016-12-02T10:06:00Z,2016-12-02T11:44:00Z,0 years 0 mons 0 days 1 hours 38 mins 0.00 secs,Moscow,37.4146,55.972599,Europe/Moscow,Boeing 737-300,4200,1886000.00,130,130
136479,PG0252,AAQ,37.347301483154,45.002101898193,SVO,Sheremetyevo International Airport,2017-02-21T10:08:00Z,2017-02-21T11:47:00Z,0 years 0 mons 0 days 1 hours 39 mins 0.00 secs,Moscow,37.4146,55.972599,Europe/Moscow,Boeing 737-300,4200,1738400.00,122,130
136485,PG0252,AAQ,37.347301483154,45.002101898193,SVO,Sheremetyevo International Airport,2017-01-27T10:07:00Z,2017-01-27T11:47:00Z,0 years 0 mons 0 days 1 hours 40 mins 0.00 secs,Moscow,37.4146,55.972599,Europe/Moscow,Boeing 737-300,4200,1520000.00,106,130
136486,PG0252,AAQ,37.347301483154,45.002101898193,SVO,Sheremetyevo International Airport,2017-02-02T10:07:00Z,2017-02-02T11:48:00Z,0 years 0 mons 0 days 1 hours 41 mins 0.00 secs,Moscow,37.4146,55.972599,Europe/Moscow,Boeing 737-300,4200,1505400.00,107,130
136491,PG0252,AAQ,37.347301483154,45.002101898193,SVO,Sheremetyevo International Airport,2016-12-08T10:08:00Z,2016-12-08T11:49:00Z,0 years 0 mons 0 days 1 hours 41 mins 0.00 secs,Moscow,37.4146,55.972599,Europe/Moscow,Boeing 737-300,4200,1505400.00,103,130
136492,PG0252,AAQ,37.347301483154,45.002101898193,SVO,Sheremetyevo International Airport,2016-12-23T10:08:00Z,2016-12-23T11:48:00Z,0 years 0 mons 0 days 1 hours 40 mins 0.00 secs,Moscow,37.4146,55.972599,Europe/Moscow,Boeing 737-300,4200,1690800.00,118,130
136511,PG0194,AAQ,37.347301483154,45.002101898193,NOZ,Spichenkovo Airport,2017-02-21T06:15:00Z,2017-02-21T11:25:00Z,0 years 0 mons 0 days 5 hours 10 mins 0.00 secs,Novokuznetsk,86.877197265625,53.8114013671875,Asia/Novokuznetsk,Boeing 737-300,4200,,0,130
136513,PG0194,AAQ,37.347301483154,45.002101898193,NOZ,Spichenkovo Airport,2017-02-28T06:13:00Z,2017-02-28T11:23:00Z,0 years 0 mons 0 days 5 hours 10 mins 0.00 secs,Novokuznetsk,86.877197265625,53.8114013671875,Asia/Novokuznetsk,Boeing 737-300,4200,,0,130
136514,PG0194,AAQ,37.347301483154,45.002101898193,NOZ,Spichenkovo Airport,2017-02-07T06:14:00Z,2017-02-07T11:13:00Z,0 years 0 mons 0 days 4 hours 59 mins 0.00 secs,Novokuznetsk,86.877197265625,53.8114013671875,Asia/Novokuznetsk,Boeing 737-300,4200,,0,130
136518,PG0194,AAQ,37.347301483154,45.002101898193,NOZ,Spichenkovo Airport,2016-12-20T06:13:00Z,2016-12-20T11:17:00Z,0 years 0 mons 0 days 5 hours 4 mins 0.00 secs,Novokuznetsk,86.877197265625,53.8114013671875,Asia/Novokuznetsk,Boeing 737-300,4200,,0,130
136523,PG0194,AAQ,37.347301483154,45.002101898193,NOZ,Spichenkovo Airport,2017-01-10T06:14:00Z,2017-01-10T11:26:00Z,0 years 0 mons 0 days 5 hours 12 mins 0.00 secs,Novokuznetsk,86.877197265625,53.8114013671875,Asia/Novokuznetsk,Boeing 737-300,4200,,0,130
136533,PG0194,AAQ,37.347301483154,45.002101898193,NOZ,Spichenkovo Airport,2016-12-13T06:13:00Z,2016-12-13T11:16:00Z,0 years 0 mons 0 days 5 hours 3 mins 0.00 secs,Novokuznetsk,86.877197265625,53.8114013671875,Asia/Novokuznetsk,Boeing 737-300,4200,,0,130
136534,PG0194,AAQ,37.347301483154,45.002101898193,NOZ,Spichenkovo Airport,2016-12-06T06:13:00Z,2016-12-06T11:17:00Z,0 years 0 mons 0 days 5 hours 4 mins 0.00 secs,Novokuznetsk,86.877197265625,53.8114013671875,Asia/Novokuznetsk,Boeing 737-300,4200,,0,130
136540,PG0194,AAQ,37.347301483154,45.002101898193,NOZ,Spichenkovo Airport,2017-01-17T06:14:00Z,2017-01-17T11:21:00Z,0 years 0 mons 0 days 5 hours 7 mins 0.00 secs,Novokuznetsk,86.877197265625,53.8114013671875,Asia/Novokuznetsk,Boeing 737-300,4200,,0,130
136544,PG0194,AAQ,37.347301483154,45.002101898193,NOZ,Spichenkovo Airport,2017-01-31T06:10:00Z,2017-01-31T11:14:00Z,0 years 0 mons 0 days 5 hours 4 mins 0.00 secs,Novokuznetsk,86.877197265625,53.8114013671875,Asia/Novokuznetsk,Boeing 737-300,4200,,0,130
136546,PG0194,AAQ,37.347301483154,45.002101898193,NOZ,Spichenkovo Airport,2017-01-03T06:13:00Z,2017-01-03T11:15:00Z,0 years 0 mons 0 days 5 hours 2 mins 0.00 secs,Novokuznetsk,86.877197265625,53.8114013671875,Asia/Novokuznetsk,Boeing 737-300,4200,,0,130
136560,PG0194,AAQ,37.347301483154,45.002101898193,NOZ,Spichenkovo Airport,2017-01-24T06:13:00Z,2017-01-24T11:18:00Z,0 years 0 mons 0 days 5 hours 5 mins 0.00 secs,Novokuznetsk,86.877197265625,53.8114013671875,Asia/Novokuznetsk,Boeing 737-300,4200,,0,130
136564,PG0194,AAQ,37.347301483154,45.002101898193,NOZ,Spichenkovo Airport,2016-12-27T06:16:00Z,2016-12-27T11:21:00Z,0 years 0 mons 0 days 5 hours 5 mins 0.00 secs,Novokuznetsk,86.877197265625,53.8114013671875,Asia/Novokuznetsk,Boeing 737-300,4200,,0,130
136567,PG0194,AAQ,37.347301483154,45.002101898193,NOZ,Spichenkovo Airport,2017-02-14T06:12:00Z,2017-02-14T11:23:00Z,0 years 0 mons 0 days 5 hours 11 mins 0.00 secs,Novokuznetsk,86.877197265625,53.8114013671875,Asia/Novokuznetsk,Boeing 737-300,4200,,0,130
136571,PG0480,AAQ,37.347301483154,45.002101898193,EGO,Belgorod International Airport,2017-01-25T09:28:00Z,2017-01-25T10:18:00Z,0 years 0 mons 0 days 0 hours 50 mins 0.00 secs,Belgorod,36.5900993347168,50.643798828125,Europe/Moscow,Sukhoi Superjet-100,3000,752700.00,95,97
136586,PG0480,AAQ,37.347301483154,45.002101898193,EGO,Belgorod International Airport,2017-01-10T09:28:00Z,2017-01-10T10:18:00Z,0 years 0 mons 0 days 0 hours 50 mins 0.00 secs,Belgorod,36.5900993347168,50.643798828125,Europe/Moscow,Sukhoi Superjet-100,3000,759000.00,96,97
136592,PG0480,AAQ,37.347301483154,45.002101898193,EGO,Belgorod International Airport,2016-12-25T09:28:00Z,2016-12-25T10:18:00Z,0 years 0 mons 0 days 0 hours 50 mins 0.00 secs,Belgorod,36.5900993347168,50.643798828125,Europe/Moscow,Sukhoi Superjet-100,3000,677100.00,89,97
136600,PG0480,AAQ,37.347301483154,45.002101898193,EGO,Belgorod International Airport,2017-02-08T09:26:00Z,2017-02-08T10:16:00Z,0 years 0 mons 0 days 0 hours 50 mins 0.00 secs,Belgorod,36.5900993347168,50.643798828125,Europe/Moscow,Sukhoi Superjet-100,3000,765300.00,97,97
136605,PG0480,AAQ,37.347301483154,45.002101898193,EGO,Belgorod International Airport,2017-02-15T09:28:00Z,2017-02-15T10:19:00Z,0 years 0 mons 0 days 0 hours 51 mins 0.00 secs,Belgorod,36.5900993347168,50.643798828125,Europe/Moscow,Sukhoi Superjet-100,3000,765300.00,97,97
136609,PG0480,AAQ,37.347301483154,45.002101898193,EGO,Belgorod International Airport,2017-01-08T09:28:00Z,2017-01-08T10:18:00Z,0 years 0 mons 0 days 0 hours 50 mins 0.00 secs,Belgorod,36.5900993347168,50.643798828125,Europe/Moscow,Sukhoi Superjet-100,3000,639300.00,81,97
136612,PG0480,AAQ,37.347301483154,45.002101898193,EGO,Belgorod International Airport,2017-02-21T09:27:00Z,2017-02-21T10:17:00Z,0 years 0 mons 0 days 0 hours 50 mins 0.00 secs,Belgorod,36.5900993347168,50.643798828125,Europe/Moscow,Sukhoi Superjet-100,3000,746400.00,94,97
136617,PG0480,AAQ,37.347301483154,45.002101898193,EGO,Belgorod International Airport,2016-12-27T09:26:00Z,2016-12-27T10:16:00Z,0 years 0 mons 0 days 0 hours 50 mins 0.00 secs,Belgorod,36.5900993347168,50.643798828125,Europe/Moscow,Sukhoi Superjet-100,3000,765300.00,97,97
136620,PG0480,AAQ,37.347301483154,45.002101898193,EGO,Belgorod International Airport,2017-02-17T09:30:00Z,2017-02-17T10:19:00Z,0 years 0 mons 0 days 0 hours 49 mins 0.00 secs,Belgorod,36.5900993347168,50.643798828125,Europe/Moscow,Sukhoi Superjet-100,3000,613500.00,79,97
136630,PG0480,AAQ,37.347301483154,45.002101898193,EGO,Belgorod International Airport,2017-02-25T09:32:00Z,2017-02-25T10:22:00Z,0 years 0 mons 0 days 0 hours 50 mins 0.00 secs,Belgorod,36.5900993347168,50.643798828125,Europe/Moscow,Sukhoi Superjet-100,3000,746400.00,94,97
136631,PG0480,AAQ,37.347301483154,45.002101898193,EGO,Belgorod International Airport,2016-12-22T09:26:00Z,2016-12-22T10:16:00Z,0 years 0 mons 0 days 0 hours 50 mins 0.00 secs,Belgorod,36.5900993347168,50.643798828125,Europe/Moscow,Sukhoi Superjet-100,3000,721200.00,90,97
136632,PG0480,AAQ,37.347301483154,45.002101898193,EGO,Belgorod International Airport,2017-01-07T12:42:00Z,2017-01-07T13:33:00Z,0 years 0 mons 0 days 0 hours 51 mins 0.00 secs,Belgorod,36.5900993347168,50.643798828125,Europe/Moscow,Sukhoi Superjet-100,3000,714300.00,91,97
136642,PG0480,AAQ,37.347301483154,45.002101898193,EGO,Belgorod International Airport,2017-01-30T09:28:00Z,2017-01-30T10:17:00Z,0 years 0 mons 0 days 0 hours 49 mins 0.00 secs,Belgorod,36.5900993347168,50.643798828125,Europe/Moscow,Sukhoi Superjet-100,3000,531000.00,64,97
136645,PG0480,AAQ,37.347301483154,45.002101898193,EGO,Belgorod International Airport,2017-01-05T09:29:00Z,2017-01-05T10:20:00Z,0 years 0 mons 0 days 0 hours 51 mins 0.00 secs,Belgorod,36.5900993347168,50.643798828125,Europe/Moscow,Sukhoi Superjet-100,3000,633000.00,82,97
136649,PG0480,AAQ,37.347301483154,45.002101898193,EGO,Belgorod International Airport,2017-01-18T09:25:00Z,2017-01-18T10:15:00Z,0 years 0 mons 0 days 0 hours 50 mins 0.00 secs,Belgorod,36.5900993347168,50.643798828125,Europe/Moscow,Sukhoi Superjet-100,3000,759000.00,96,97
136653,PG0480,AAQ,37.347301483154,45.002101898193,EGO,Belgorod International Airport,2016-12-24T09:27:00Z,2016-12-24T10:17:00Z,0 years 0 mons 0 days 0 hours 50 mins 0.00 secs,Belgorod,36.5900993347168,50.643798828125,Europe/Moscow,Sukhoi Superjet-100,3000,701700.00,89,97
136654,PG0480,AAQ,37.347301483154,45.002101898193,EGO,Belgorod International Airport,2017-01-19T09:28:00Z,2017-01-19T10:17:00Z,0 years 0 mons 0 days 0 hours 49 mins 0.00 secs,Belgorod,36.5900993347168,50.643798828125,Europe/Moscow,Sukhoi Superjet-100,3000,759000.00,96,97
136660,PG0480,AAQ,37.347301483154,45.002101898193,EGO,Belgorod International Airport,2017-02-20T09:26:00Z,2017-02-20T10:15:00Z,0 years 0 mons 0 days 0 hours 49 mins 0.00 secs,Belgorod,36.5900993347168,50.643798828125,Europe/Moscow,Sukhoi Superjet-100,3000,677100.00,87,97
136661,PG0480,AAQ,37.347301483154,45.002101898193,EGO,Belgorod International Airport,2017-01-01T09:27:00Z,2017-01-01T10:17:00Z,0 years 0 mons 0 days 0 hours 50 mins 0.00 secs,Belgorod,36.5900993347168,50.643798828125,Europe/Moscow,Sukhoi Superjet-100,3000,759000.00,96,97
136666,PG0480,AAQ,37.347301483154,45.002101898193,EGO,Belgorod International Airport,2017-02-09T09:26:00Z,2017-02-09T10:16:00Z,0 years 0 mons 0 days 0 hours 50 mins 0.00 secs,Belgorod,36.5900993347168,50.643798828125,Europe/Moscow,Sukhoi Superjet-100,3000,664500.00,87,97
136669,PG0480,AAQ,37.347301483154,45.002101898193,EGO,Belgorod International Airport,2017-01-17T09:26:00Z,2017-01-17T10:17:00Z,0 years 0 mons 0 days 0 hours 51 mins 0.00 secs,Belgorod,36.5900993347168,50.643798828125,Europe/Moscow,Sukhoi Superjet-100,3000,752700.00,95,97
136672,PG0480,AAQ,37.347301483154,45.002101898193,EGO,Belgorod International Airport,2017-02-03T09:28:00Z,2017-02-03T10:18:00Z,0 years 0 mons 0 days 0 hours 50 mins 0.00 secs,Belgorod,36.5900993347168,50.643798828125,Europe/Moscow,Sukhoi Superjet-100,3000,759000.00,96,97
136678,PG0480,AAQ,37.347301483154,45.002101898193,EGO,Belgorod International Airport,2017-01-28T09:27:00Z,2017-01-28T10:17:00Z,0 years 0 mons 0 days 0 hours 50 mins 0.00 secs,Belgorod,36.5900993347168,50.643798828125,Europe/Moscow,Sukhoi Superjet-100,3000,631200.00,80,97
136680,PG0480,AAQ,37.347301483154,45.002101898193,EGO,Belgorod International Airport,2016-12-26T09:34:00Z,2016-12-26T10:24:00Z,0 years 0 mons 0 days 0 hours 50 mins 0.00 secs,Belgorod,36.5900993347168,50.643798828125,Europe/Moscow,Sukhoi Superjet-100,3000,733800.00,92,97
136688,PG0480,AAQ,37.347301483154,45.002101898193,EGO,Belgorod International Airport,2016-12-15T09:30:00Z,2016-12-15T10:20:00Z,0 years 0 mons 0 days 0 hours 50 mins 0.00 secs,Belgorod,36.5900993347168,50.643798828125,Europe/Moscow,Sukhoi Superjet-100,3000,689700.00,89,97
136691,PG0480,AAQ,37.347301483154,45.002101898193,EGO,Belgorod International Airport,2016-12-13T09:25:00Z,2016-12-13T10:14:00Z,0 years 0 mons 0 days 0 hours 49 mins 0.00 secs,Belgorod,36.5900993347168,50.643798828125,Europe/Moscow,Sukhoi Superjet-100,3000,689700.00,87,97
136698,PG0480,AAQ,37.347301483154,45.002101898193,EGO,Belgorod International Airport,2016-12-01T09:30:00Z,2016-12-01T10:19:00Z,0 years 0 mons 0 days 0 hours 49 mins 0.00 secs,Belgorod,36.5900993347168,50.643798828125,Europe/Moscow,Sukhoi Superjet-100,3000,746400.00,94,97
136702,PG0480,AAQ,37.347301483154,45.002101898193,EGO,Belgorod International Airport,2016-12-23T09:26:00Z,2016-12-23T10:16:00Z,0 years 0 mons 0 days 0 hours 50 mins 0.00 secs,Belgorod,36.5900993347168,50.643798828125,Europe/Moscow,Sukhoi Superjet-100,3000,670800.00,84,97
136706,PG0480,AAQ,37.347301483154,45.002101898193,EGO,Belgorod International Airport,2017-01-06T09:30:00Z,2017-01-06T10:20:00Z,0 years 0 mons 0 days 0 hours 50 mins 0.00 secs,Belgorod,36.5900993347168,50.643798828125,Europe/Moscow,Sukhoi Superjet-100,3000,740100.00,95,97
136709,PG0480,AAQ,37.347301483154,45.002101898193,EGO,Belgorod International Airport,2017-01-15T09:28:00Z,2017-01-15T10:18:00Z,0 years 0 mons 0 days 0 hours 50 mins 0.00 secs,Belgorod,36.5900993347168,50.643798828125,Europe/Moscow,Sukhoi Superjet-100,3000,689700.00,87,97
136720,PG0480,AAQ,37.347301483154,45.002101898193,EGO,Belgorod International Airport,2017-01-26T09:29:00Z,2017-01-26T10:19:00Z,0 years 0 mons 0 days 0 hours 50 mins 0.00 secs,Belgorod,36.5900993347168,50.643798828125,Europe/Moscow,Sukhoi Superjet-100,3000,752700.00,95,97
136725,PG0480,AAQ,37.347301483154,45.002101898193,EGO,Belgorod International Airport,2016-12-19T09:30:00Z,2016-12-19T10:19:00Z,0 years 0 mons 0 days 0 hours 49 mins 0.00 secs,Belgorod,36.5900993347168,50.643798828125,Europe/Moscow,Sukhoi Superjet-100,3000,696000.00,92,97
136729,PG0480,AAQ,37.347301483154,45.002101898193,EGO,Belgorod International Airport,2017-01-29T09:29:00Z,2017-01-29T10:19:00Z,0 years 0 mons 0 days 0 hours 50 mins 0.00 secs,Belgorod,36.5900993347168,50.643798828125,Europe/Moscow,Sukhoi Superjet-100,3000,695400.00,88,97
136733,PG0480,AAQ,37.347301483154,45.002101898193,EGO,Belgorod International Airport,2017-01-09T09:27:00Z,2017-01-09T10:18:00Z,0 years 0 mons 0 days 0 hours 51 mins 0.00 secs,Belgorod,36.5900993347168,50.643798828125,Europe/Moscow,Sukhoi Superjet-100,3000,746400.00,94,97
136738,PG0480,AAQ,37.347301483154,45.002101898193,EGO,Belgorod International Airport,2016-12-20T09:27:00Z,2016-12-20T10:16:00Z,0 years 0 mons 0 days 0 hours 49 mins 0.00 secs,Belgorod,36.5900993347168,50.643798828125,Europe/Moscow,Sukhoi Superjet-100,3000,689700.00,87,97
136742,PG0480,AAQ,37.347301483154,45.002101898193,EGO,Belgorod International Airport,2016-12-18T09:27:00Z,2016-12-18T10:17:00Z,0 years 0 mons 0 days 0 hours 50 mins 0.00 secs,Belgorod,36.5900993347168,50.643798828125,Europe/Moscow,Sukhoi Superjet-100,3000,765300.00,97,97
136754,PG0480,AAQ,37.347301483154,45.002101898193,EGO,Belgorod International Airport,2017-02-06T09:29:00Z,2017-02-06T10:18:00Z,0 years 0 mons 0 days 0 hours 49 mins 0.00 secs,Belgorod,36.5900993347168,50.643798828125,Europe/Moscow,Sukhoi Superjet-100,3000,721200.00,90,97
136755,PG0480,AAQ,37.347301483154,45.002101898193,EGO,Belgorod International Airport,2017-01-21T09:30:00Z,2017-01-21T10:20:00Z,0 years 0 mons 0 days 0 hours 50 mins 0.00 secs,Belgorod,36.5900993347168,50.643798828125,Europe/Moscow,Sukhoi Superjet-100,3000,765300.00,97,97
136757,PG0480,AAQ,37.347301483154,45.002101898193,EGO,Belgorod International Airport,2017-01-27T09:30:00Z,2017-01-27T10:19:00Z,0 years 0 mons 0 days 0 hours 49 mins 0.00 secs,Belgorod,36.5900993347168,50.643798828125,Europe/Moscow,Sukhoi Superjet-100,3000,765300.00,97,97
136758,PG0480,AAQ,37.347301483154,45.002101898193,EGO,Belgorod International Airport,2017-01-12T09:26:00Z,2017-01-12T10:15:00Z,0 years 0 mons 0 days 0 hours 49 mins 0.00 secs,Belgorod,36.5900993347168,50.643798828125,Europe/Moscow,Sukhoi Superjet-100,3000,765300.00,97,97
136767,PG0480,AAQ,37.347301483154,45.002101898193,EGO,Belgorod International Airport,2017-01-23T09:27:00Z,2017-01-23T10:18:00Z,0 years 0 mons 0 days 0 hours 51 mins 0.00 secs,Belgorod,36.5900993347168,50.643798828125,Europe/Moscow,Sukhoi Superjet-100,3000,651300.00,83,97
136768,PG0480,AAQ,37.347301483154,45.002101898193,EGO,Belgorod International Airport,2016-12-08T09:27:00Z,2016-12-08T10:17:00Z,0 years 0 mons 0 days 0 hours 50 mins 0.00 secs,Belgorod,36.5900993347168,50.643798828125,Europe/Moscow,Sukhoi Superjet-100,3000,765300.00,97,97
136769,PG0480,AAQ,37.347301483154,45.002101898193,EGO,Belgorod International Airport,2017-02-10T09:30:00Z,2017-02-10T10:21:00Z,0 years 0 mons 0 days 0 hours 51 mins 0.00 secs,Belgorod,36.5900993347168,50.643798828125,Europe/Moscow,Sukhoi Superjet-100,3000,696000.00,88,97
136771,PG0480,AAQ,37.347301483154,45.002101898193,EGO,Belgorod International Airport,2016-12-17T09:26:00Z,2016-12-17T10:15:00Z,0 years 0 mons 0 days 0 hours 49 mins 0.00 secs,Belgorod,36.5900993347168,50.643798828125,Europe/Moscow,Sukhoi Superjet-100,3000,657000.00,82,97
136774,PG0480,AAQ,37.347301483154,45.002101898193,EGO,Belgorod International Airport,2016-12-02T09:27:00Z,2016-12-02T10:17:00Z,0 years 0 mons 0 days 0 hours 50 mins 0.00 secs,Belgorod,36.5900993347168,50.643798828125,Europe/Moscow,Sukhoi Superjet-100,3000,740100.00,93,97
136778,PG0480,AAQ,37.347301483154,45.002101898193,EGO,Belgorod International Airport,2017-02-22T09:26:00Z,2017-02-22T10:16:00Z,0 years 0 mons 0 days 0 hours 50 mins 0.00 secs,Belgorod,36.5900993347168,50.643798828125,Europe/Moscow,Sukhoi Superjet-100,3000,759000.00,96,97
136780,PG0480,AAQ,37.347301483154,45.002101898193,EGO,Belgorod International Airport,2017-02-24T09:30:00Z,2017-02-24T10:20:00Z,0 years 0 mons 0 days 0 hours 50 mins 0.00 secs,Belgorod,36.5900993347168,50.643798828125,Europe/Moscow,Sukhoi Superjet-100,3000,714900.00,89,97
136781,PG0480,AAQ,37.347301483154,45.002101898193,EGO,Belgorod International Airport,2017-01-14T09:26:00Z,2017-01-14T10:16:00Z,0 years 0 mons 0 days 0 hours 50 mins 0.00 secs,Belgorod,36.5900993347168,50.643798828125,Europe/Moscow,Sukhoi Superjet-100,3000,765300.00,97,97
136785,PG0480,AAQ,37.347301483154,45.002101898193,EGO,Belgorod International Airport,2016-12-29T09:28:00Z,2016-12-29T10:19:00Z,0 years 0 mons 0 days 0 hours 51 mins 0.00 secs,Belgorod,36.5900993347168,50.643798828125,Europe/Moscow,Sukhoi Superjet-100,3000,765300.00,97,97
136793,PG0480,AAQ,37.347301483154,45.002101898193,EGO,Belgorod International Airport,2016-12-06T09:31:00Z,2016-12-06T10:21:00Z,0 years 0 mons 0 days 0 hours 50 mins 0.00 secs,Belgorod,36.5900993347168,50.643798828125,Europe/Moscow,Sukhoi Superjet-100,3000,765300.00,97,97
136800,PG0480,AAQ,37.347301483154,45.002101898193,EGO,Belgorod International Airport,2016-12-09T09:27:00Z,2016-12-09T10:18:00Z,0 years 0 mons 0 days 0 hours 51 mins 0.00 secs,Belgorod,36.5900993347168,50.643798828125,Europe/Moscow,Sukhoi Superjet-100,3000,645000.00,82,97
136801,PG0480,AAQ,37.347301483154,45.002101898193,EGO,Belgorod International Airport,2016-12-30T09:28:00Z,2016-12-30T10:18:00Z,0 years 0 mons 0 days 0 hours 50 mins 0.00 secs,Belgorod,36.5900993347168,50.643798828125,Europe/Moscow,Sukhoi Superjet-100,3000,765300.00,97,97
136802,PG0480,AAQ,37.347301483154,45.002101898193,EGO,Belgorod International Airport,2017-02-26T09:32:00Z,2017-02-26T10:22:00Z,0 years 0 mons 0 days 0 hours 50 mins 0.00 secs,Belgorod,36.5900993347168,50.643798828125,Europe/Moscow,Sukhoi Superjet-100,3000,746400.00,96,97
136805,PG0480,AAQ,37.347301483154,45.002101898193,EGO,Belgorod International Airport,2016-12-07T09:28:00Z,2016-12-07T10:18:00Z,0 years 0 mons 0 days 0 hours 50 mins 0.00 secs,Belgorod,36.5900993347168,50.643798828125,Europe/Moscow,Sukhoi Superjet-100,3000,746400.00,96,97
136807,PG0480,AAQ,37.347301483154,45.002101898193,EGO,Belgorod International Airport,2017-02-23T09:28:00Z,2017-02-23T10:18:00Z,0 years 0 mons 0 days 0 hours 50 mins 0.00 secs,Belgorod,36.5900993347168,50.643798828125,Europe/Moscow,Sukhoi Superjet-100,3000,531000.00,68,97
136815,PG0480,AAQ,37.347301483154,45.002101898193,EGO,Belgorod International Airport,2017-02-19T09:26:00Z,2017-02-19T10:17:00Z,0 years 0 mons 0 days 0 hours 51 mins 0.00 secs,Belgorod,36.5900993347168,50.643798828125,Europe/Moscow,Sukhoi Superjet-100,3000,765300.00,97,97
136819,PG0480,AAQ,37.347301483154,45.002101898193,EGO,Belgorod International Airport,2017-01-04T09:29:00Z,2017-01-04T10:19:00Z,0 years 0 mons 0 days 0 hours 50 mins 0.00 secs,Belgorod,36.5900993347168,50.643798828125,Europe/Moscow,Sukhoi Superjet-100,3000,759000.00,96,97
136823,PG0480,AAQ,37.347301483154,45.002101898193,EGO,Belgorod International Airport,2017-02-05T09:27:00Z,2017-02-05T10:18:00Z,0 years 0 mons 0 days 0 hours 51 mins 0.00 secs,Belgorod,36.5900993347168,50.643798828125,Europe/Moscow,Sukhoi Superjet-100,3000,620400.00,78,97
136827,PG0480,AAQ,37.347301483154,45.002101898193,EGO,Belgorod International Airport,2017-02-18T09:26:00Z,2017-02-18T10:17:00Z,0 years 0 mons 0 days 0 hours 51 mins 0.00 secs,Belgorod,36.5900993347168,50.643798828125,Europe/Moscow,Sukhoi Superjet-100,3000,765300.00,97,97
136838,PG0480,AAQ,37.347301483154,45.002101898193,EGO,Belgorod International Airport,2017-01-24T09:30:00Z,2017-01-24T10:21:00Z,0 years 0 mons 0 days 0 hours 51 mins 0.00 secs,Belgorod,36.5900993347168,50.643798828125,Europe/Moscow,Sukhoi Superjet-100,3000,670200.00,86,97
136841,PG0480,AAQ,37.347301483154,45.002101898193,EGO,Belgorod International Airport,2017-02-07T09:25:00Z,2017-02-07T10:16:00Z,0 years 0 mons 0 days 0 hours 51 mins 0.00 secs,Belgorod,36.5900993347168,50.643798828125,Europe/Moscow,Sukhoi Superjet-100,3000,765300.00,97,97
136843,PG0480,AAQ,37.347301483154,45.002101898193,EGO,Belgorod International Airport,2016-12-04T09:30:00Z,2016-12-04T10:20:00Z,0 years 0 mons 0 days 0 hours 50 mins 0.00 secs,Belgorod,36.5900993347168,50.643798828125,Europe/Moscow,Sukhoi Superjet-100,3000,632400.00,78,97
136844,PG0480,AAQ,37.347301483154,45.002101898193,EGO,Belgorod International Airport,2017-02-28T09:26:00Z,2017-02-28T10:16:00Z,0 years 0 mons 0 days 0 hours 50 mins 0.00 secs,Belgorod,36.5900993347168,50.643798828125,Europe/Moscow,Sukhoi Superjet-100,3000,575100.00,79,97
136855,PG0480,AAQ,37.347301483154,45.002101898193,EGO,Belgorod International Airport,2017-01-11T12:07:00Z,2017-01-11T12:57:00Z,0 years 0 mons 0 days 0 hours 50 mins 0.00 secs,Belgorod,36.5900993347168,50.643798828125,Europe/Moscow,Sukhoi Superjet-100,3000,702300.00,87,97
136857,PG0480,AAQ,37.347301483154,45.002101898193,EGO,Belgorod International Airport,2017-02-13T09:31:00Z,2017-02-13T10:21:00Z,0 years 0 mons 0 days 0 hours 50 mins 0.00 secs,Belgorod,36.5900993347168,50.643798828125,Europe/Moscow,Sukhoi Superjet-100,3000,765300.00,97,97
136861,PG0480,AAQ,37.347301483154,45.002101898193,EGO,Belgorod International Airport,2017-02-12T09:28:00Z,2017-02-12T10:17:00Z,0 years 0 mons 0 days 0 hours 49 mins 0.00 secs,Belgorod,36.5900993347168,50.643798828125,Europe/Moscow,Sukhoi Superjet-100,3000,689100.00,87,97
136865,PG0480,AAQ,37.347301483154,45.002101898193,EGO,Belgorod International Airport,2016-12-11T09:29:00Z,2016-12-11T10:19:00Z,0 years 0 mons 0 days 0 hours 50 mins 0.00 secs,Belgorod,36.5900993347168,50.643798828125,Europe/Moscow,Sukhoi Superjet-100,3000,695400.00,88,97
136866,PG0480,AAQ,37.347301483154,45.002101898193,EGO,Belgorod International Airport,2016-12-28T09:28:00Z,2016-12-28T10:18:00Z,0 years 0 mons 0 days 0 hours 50 mins 0.00 secs,Belgorod,36.5900993347168,50.643798828125,Europe/Moscow,Sukhoi Superjet-100,3000,733800.00,94,97
136869,PG0480,AAQ,37.347301483154,45.002101898193,EGO,Belgorod International Airport,2017-01-31T09:26:00Z,2017-01-31T10:16:00Z,0 years 0 mons 0 days 0 hours 50 mins 0.00 secs,Belgorod,36.5900993347168,50.643798828125,Europe/Moscow,Sukhoi Superjet-100,3000,765300.00,97,97
136871,PG0480,AAQ,37.347301483154,45.002101898193,EGO,Belgorod International Airport,2017-01-13T09:28:00Z,2017-01-13T10:18:00Z,0 years 0 mons 0 days 0 hours 50 mins 0.00 secs,Belgorod,36.5900993347168,50.643798828125,Europe/Moscow,Sukhoi Superjet-100,3000,765300.00,97,97
136872,PG0480,AAQ,37.347301483154,45.002101898193,EGO,Belgorod International Airport,2016-12-14T09:26:00Z,2016-12-14T10:16:00Z,0 years 0 mons 0 days 0 hours 50 mins 0.00 secs,Belgorod,36.5900993347168,50.643798828125,Europe/Moscow,Sukhoi Superjet-100,3000,765300.00,97,97
136873,PG0480,AAQ,37.347301483154,45.002101898193,EGO,Belgorod International Airport,2016-12-03T09:26:00Z,2016-12-03T10:17:00Z,0 years 0 mons 0 days 0 hours 51 mins 0.00 secs,Belgorod,36.5900993347168,50.643798828125,Europe/Moscow,Sukhoi Superjet-100,3000,759000.00,96,97
136875,PG0480,AAQ,37.347301483154,45.002101898193,EGO,Belgorod International Airport,2017-02-16T09:29:00Z,2017-02-16T10:19:00Z,0 years 0 mons 0 days 0 hours 50 mins 0.00 secs,Belgorod,36.5900993347168,50.643798828125,Europe/Moscow,Sukhoi Superjet-100,3000,765300.00,97,97
136886,PG0480,AAQ,37.347301483154,45.002101898193,EGO,Belgorod International Airport,2016-12-16T09:26:00Z,2016-12-16T10:16:00Z,0 years 0 mons 0 days 0 hours 50 mins 0.00 secs,Belgorod,36.5900993347168,50.643798828125,Europe/Moscow,Sukhoi Superjet-100,3000,721200.00,90,97
136887,PG0480,AAQ,37.347301483154,45.002101898193,EGO,Belgorod International Airport,2017-01-20T09:30:00Z,2017-01-20T10:19:00Z,0 years 0 mons 0 days 0 hours 49 mins 0.00 secs,Belgorod,36.5900993347168,50.643798828125,Europe/Moscow,Sukhoi Superjet-100,3000,595200.00,78,97
136888,PG0480,AAQ,37.347301483154,45.002101898193,EGO,Belgorod International Airport,2017-02-14T09:29:00Z,2017-02-14T10:19:00Z,0 years 0 mons 0 days 0 hours 50 mins 0.00 secs,Belgorod,36.5900993347168,50.643798828125,Europe/Moscow,Sukhoi Superjet-100,3000,626100.00,79,97
136900,PG0480,AAQ,37.347301483154,45.002101898193,EGO,Belgorod International Airport,2017-02-01T09:30:00Z,2017-02-01T10:21:00Z,0 years 0 mons 0 days 0 hours 51 mins 0.00 secs,Belgorod,36.5900993347168,50.643798828125,Europe/Moscow,Sukhoi Superjet-100,3000,765300.00,97,97
136907,PG0480,AAQ,37.347301483154,45.002101898193,EGO,Belgorod International Airport,2017-01-16T09:31:00Z,2017-01-16T10:22:00Z,0 years 0 mons 0 days 0 hours 51 mins 0.00 secs,Belgorod,36.5900993347168,50.643798828125,Europe/Moscow,Sukhoi Superjet-100,3000,759000.00,96,97
136911,PG0480,AAQ,37.347301483154,45.002101898193,EGO,Belgorod International Airport,2016-12-12T13:05:00Z,2016-12-12T13:55:00Z,0 years 0 mons 0 days 0 hours 50 mins 0.00 secs,Belgorod,36.5900993347168,50.643798828125,Europe/Moscow,Sukhoi Superjet-100,3000,676500.00,87,97
136913,PG0480,AAQ,37.347301483154,45.002101898193,EGO,Belgorod International Airport,2016-12-10T09:30:00Z,2016-12-10T10:19:00Z,0 years 0 mons 0 days 0 hours 49 mins 0.00 secs,Belgorod,36.5900993347168,50.643798828125,Europe/Moscow,Sukhoi Superjet-100,3000,695400.00,90,97
136922,PG0480,AAQ,37.347301483154,45.002101898193,EGO,Belgorod International Airport,2017-02-11T09:27:00Z,2017-02-11T10:17:00Z,0 years 0 mons 0 days 0 hours 50 mins 0.00 secs,Belgorod,36.5900993347168,50.643798828125,Europe/Moscow,Sukhoi Superjet-100,3000,607800.00,76,97
136927,PG0480,AAQ,37.347301483154,45.002101898193,EGO,Belgorod International Airport,2017-01-22T09:28:00Z,2017-01-22T10:19:00Z,0 years 0 mons 0 days 0 hours 51 mins 0.00 secs,Belgorod,36.5900993347168,50.643798828125,Europe/Moscow,Sukhoi Superjet-100,3000,765300.00,97,97
136929,PG0480,AAQ,37.347301483154,45.002101898193,EGO,Belgorod International Airport,2016-12-31T09:25:00Z,2016-12-31T10:15:00Z,0 years 0 mons 0 days 0 hours 50 mins 0.00 secs,Belgorod,36.5900993347168,50.643798828125,Europe/Moscow,Sukhoi Superjet-100,3000,631800.00,82,97
136936,PG0480,AAQ,37.347301483154,45.002101898193,EGO,Belgorod International Airport,2017-01-02T09:28:00Z,2017-01-02T10:18:00Z,0 years 0 mons 0 days 0 hours 50 mins 0.00 secs,Belgorod,36.5900993347168,50.643798828125,Europe/Moscow,Sukhoi Superjet-100,3000,632400.00,82,97
136937,PG0480,AAQ,37.347301483154,45.002101898193,EGO,Belgorod International Airport,2017-01-03T09:29:00Z,2017-01-03T10:19:00Z,0 years 0 mons 0 days 0 hours 50 mins 0.00 secs,Belgorod,36.5900993347168,50.643798828125,Europe/Moscow,Sukhoi Superjet-100,3000,626100.00,81,97
136943,PG0480,AAQ,37.347301483154,45.002101898193,EGO,Belgorod International Airport,2016-12-05T09:28:00Z,2016-12-05T10:18:00Z,0 years 0 mons 0 days 0 hours 50 mins 0.00 secs,Belgorod,36.5900993347168,50.643798828125,Europe/Moscow,Sukhoi Superjet-100,3000,733800.00,94,97
136951,PG0480,AAQ,37.347301483154,45.002101898193,EGO,Belgorod International Airport,2017-02-02T09:28:00Z,2017-02-02T10:17:00Z,0 years 0 mons 0 days 0 hours 49 mins 0.00 secs,Belgorod,36.5900993347168,50.643798828125,Europe/Moscow,Sukhoi Superjet-100,3000,720600.00,90,97
136953,PG0480,AAQ,37.347301483154,45.002101898193,EGO,Belgorod International Airport,2017-02-27T09:27:00Z,2017-02-27T10:17:00Z,0 years 0 mons 0 days 0 hours 50 mins 0.00 secs,Belgorod,36.5900993347168,50.643798828125,Europe/Moscow,Sukhoi Superjet-100,3000,765300.00,97,97
136956,PG0480,AAQ,37.347301483154,45.002101898193,EGO,Belgorod International Airport,2017-02-04T09:33:00Z,2017-02-04T10:23:00Z,0 years 0 mons 0 days 0 hours 50 mins 0.00 secs,Belgorod,36.5900993347168,50.643798828125,Europe/Moscow,Sukhoi Superjet-100,3000,746400.00,96,97
136961,PG0480,AAQ,37.347301483154,45.002101898193,EGO,Belgorod International Airport,2016-12-21T09:27:00Z,2016-12-21T10:16:00Z,0 years 0 mons 0 days 0 hours 49 mins 0.00 secs,Belgorod,36.5900993347168,50.643798828125,Europe/Moscow,Sukhoi Superjet-100,3000,759000.00,96,97
